what,kind,bundleId,bundleVersion,description,time
started,bundle,org.eclipse.equinox.p2.operations,2.0.0.v20100510,"org.eclipse.equinox.p2.operations",1309854858334
started,bundle,org.eclipse.equinox.p2.reconciler.dropins,1.1.0.v20100525,"org.eclipse.equinox.p2.reconciler.dropins",1309854858334
started,bundle,org.eclipse.equinox.p2.repository,2.0.1.R36x_v20100823,"org.eclipse.equinox.p2.repository",1309854858334
started,bundle,org.eclipse.equinox.p2.ui.sdk.scheduler,1.0.0.v20100507-1815,"org.eclipse.equinox.p2.ui.sdk.scheduler",1309854858334
started,bundle,org.eclipse.equinox.p2.updatechecker,1.1.101.R36x_v20100823,"org.eclipse.equinox.p2.updatechecker",1309854858334
started,bundle,org.eclipse.equinox.preferences,3.3.0.v20100503,"org.eclipse.equinox.preferences",1309854858334
started,bundle,org.eclipse.equinox.registry,3.5.0.v20100503,"org.eclipse.equinox.registry",1309854858334
started,bundle,org.eclipse.equinox.security,1.0.200.v20100503,"org.eclipse.equinox.security",1309854858334
started,bundle,org.eclipse.equinox.util,1.0.200.v20100503,"org.eclipse.equinox.util",1309854858334
started,bundle,org.eclipse.help,3.5.0.v20100524,"org.eclipse.help",1309854858334
started,bundle,org.eclipse.jdt.apt.core,3.3.401.R36_v20100727-0110,"org.eclipse.jdt.apt.core",1309854858334
started,bundle,org.eclipse.jdt.core,3.6.1.v_A68_R36x,"org.eclipse.jdt.core",1309854858334
started,bundle,org.eclipse.jdt.core.manipulation,1.3.0.v20100520-0800,"org.eclipse.jdt.core.manipulation",1309854858334
started,bundle,org.eclipse.jdt.launching,3.5.100.v20100526,"org.eclipse.jdt.launching",1309854858334
started,bundle,org.eclipse.jdt.ui,3.6.1.r361_v20100825-0800,"org.eclipse.jdt.ui",1309854858334
started,bundle,org.eclipse.jface,3.6.1.M20100825-0800,"org.eclipse.jface",1309854858334
started,bundle,org.eclipse.jsch.core,1.1.200.I20100505-1245,"org.eclipse.jsch.core",1309854858334
started,bundle,org.eclipse.ltk.core.refactoring,3.5.100.v20100526-0800,"org.eclipse.ltk.core.refactoring",1309854858334
started,bundle,org.eclipse.ltk.ui.refactoring,3.5.0.v20100526-0800,"org.eclipse.ltk.ui.refactoring",1309854858334
started,bundle,org.eclipse.mylyn.bugzilla.core,3.4.2.v20100902-0100-e3x,"org.eclipse.mylyn.bugzilla.core",1309854858334
started,bundle,org.eclipse.mylyn.bugzilla.ui,3.4.2.v20100909-0100-e3x,"org.eclipse.mylyn.bugzilla.ui",1309854858334
started,bundle,org.eclipse.mylyn.commons.net,3.4.1.v20100625-2100-e3x,"org.eclipse.mylyn.commons.net",1309854858334
started,bundle,org.eclipse.mylyn.commons.ui,3.4.0.v20100608-0100-e3x,"org.eclipse.mylyn.commons.ui",1309854858334
started,bundle,org.eclipse.mylyn.context.core,3.4.1.v20100909-0100-e3x,"org.eclipse.mylyn.context.core",1309854858334
started,bundle,org.eclipse.mylyn.context.ui,3.4.1.v20100909-0100-e3x,"org.eclipse.mylyn.context.ui",1309854858334
started,bundle,org.eclipse.mylyn.monitor.ui,3.4.0.v20100608-0100-e3x,"org.eclipse.mylyn.monitor.ui",1309854858334
started,bundle,org.eclipse.mylyn.tasks.ui,3.4.2.v20100902-0100-e3x,"org.eclipse.mylyn.tasks.ui",1309854858334
started,bundle,org.eclipse.mylyn.team.ui,3.4.2.v20100909-0100-e3x,"org.eclipse.mylyn.team.ui",1309854858334
started,bundle,org.eclipse.team.core,3.5.100.R36x_v20100825-0800,"org.eclipse.team.core",1309854858334
started,bundle,org.eclipse.team.cvs.core,3.3.300.I20100526-0800,"org.eclipse.team.cvs.core",1309854858334
started,bundle,org.eclipse.team.cvs.ui,3.3.301.R36x_v20100825-0800,"org.eclipse.team.cvs.ui",1309854858334
started,bundle,org.eclipse.team.ui,3.5.101.R36x_v20100825-0800,"org.eclipse.team.ui",1309854858334
started,bundle,org.eclipse.ui,3.6.1.M20100826-1330,"org.eclipse.ui",1309854858334
started,bundle,org.eclipse.ui.console,3.5.0.v20100526,"org.eclipse.ui.console",1309854858334
started,bundle,org.eclipse.ui.editors,3.6.1.r361_v20100825-0800,"org.eclipse.ui.editors",1309854858334
started,bundle,org.eclipse.ui.forms,3.5.2.r36_v20100702,"org.eclipse.ui.forms",1309854858334
started,bundle,org.eclipse.ui.ide,3.6.1.M20100825-0800,"org.eclipse.ui.ide",1309854858334
started,bundle,org.eclipse.ui.net,1.2.100.I20100505-1245,"org.eclipse.ui.net",1309854858334
started,bundle,org.eclipse.ui.views,3.5.0.I20100527-0800,"org.eclipse.ui.views",1309854858334
started,bundle,org.eclipse.ui.workbench,3.6.1.M20100826-1330,"org.eclipse.ui.workbench",1309854858334
started,bundle,org.eclipse.ui.workbench.texteditor,3.6.1.r361_v20100714-0800,"org.eclipse.ui.workbench.texteditor",1309854858334
started,bundle,org.eclipse.update.configurator,3.3.100.v20100512,"org.eclipse.update.configurator",1309854858334
started,bundle,org.eclipse.update.core,3.2.402.R36x_v20100629,"org.eclipse.update.core",1309854858334
started,bundle,org.eclipse.update.scheduler,3.2.300.v20100512,"org.eclipse.update.scheduler",1309854858334
started,bundle,org.eclipse.contribution.weaving.jdt,2.1.2.e36x-20110223-1400,"org.eclipse.contribution.weaving.jdt",1309854858334
started,bundle,org.eclipse.epp.usagedata.gathering,1.3.1.R201102081640,"org.eclipse.epp.usagedata.gathering",1309854858334
started,bundle,org.eclipse.epp.usagedata.recording,1.3.1.R201102081640,"org.eclipse.epp.usagedata.recording",1309854858334
started,bundle,org.eclipse.equinox.weaving.aspectj,1.0.0.v20100503,"org.eclipse.equinox.weaving.aspectj",1309854858334
started,bundle,org.eclipse.pde.launching,3.6.0.v20100601,"org.eclipse.pde.launching",1309854858334
started,bundle,org.eclipse.pde.ui,3.6.1.v20110210_r362,"org.eclipse.pde.ui",1309854858334
started,bundle,org.eclipse.ui.views.log,1.0.100.v20110210_r362,"org.eclipse.ui.views.log",1309854858334
started,bundle,org.scala-ide.sdt.aspects,1.0.0.201103020016,"org.scala-ide.sdt.aspects",1309854858334
started,bundle,org.scala-ide.sdt.core,1.0.0.201103020016,"org.scala-ide.sdt.core",1309854858334
started,bundle,com.android.ide.eclipse.adt,11.0.0.v201105251008-128486,"com.android.ide.eclipse.adt",1309854858334
started,bundle,com.android.ide.eclipse.ddms,11.0.0.v201105251008-128486,"com.android.ide.eclipse.ddms",1309854858334
started,bundle,com.android.ide.eclipse.traceview,11.0.0.v201105251008-128486,"com.android.ide.eclipse.traceview",1309854858334
started,bundle,org.eclipse.wst.sse.core,1.1.504.v201102160550,"org.eclipse.wst.sse.core",1309854858334
started,bundle,org.eclipse.wst.xml.core,1.1.503.v201102102045,"org.eclipse.wst.xml.core",1309854858334
os,sysinfo,,,"win32",1309854858337
arch,sysinfo,,,"x86_64",1309854858337
ws,sysinfo,,,"win32",1309854858337
locale,sysinfo,,,"fi_FI",1309854858337
processors,sysinfo,,,"4",1309854858337
java.runtime.name,sysinfo,,,"Java(TM) SE Runtime Environment",1309854858337
java.runtime.version,sysinfo,,,"1.6.0_24-b07",1309854858337
java.specification.name,sysinfo,,,"Java Platform API Specification",1309854858337
java.specification.vendor,sysinfo,,,"Sun Microsystems Inc.",1309854858337
java.specification.version,sysinfo,,,"1.6",1309854858337
java.vendor,sysinfo,,,"Sun Microsystems Inc.",1309854858337
java.version,sysinfo,,,"1.6.0_24",1309854858337
java.vm.info,sysinfo,,,"mixed mode",1309854858337
java.vm.name,sysinfo,,,"Java HotSpot(TM) 64-Bit Server VM",1309854858337
java.vm.specification.name,sysinfo,,,"Java Virtual Machine Specification",1309854858337
java.vm.specification.vendor,sysinfo,,,"Sun Microsystems Inc.",1309854858337
java.vm.specification.version,sysinfo,,,"1.0",1309854858337
java.vm.vendor,sysinfo,,,"Sun Microsystems Inc.",1309854858337
java.vm.version,sysinfo,,,"19.1-b02",1309854858337
started,bundle,org.eclipse.compare.core,3.5.100.I20100526-0800,"org.eclipse.compare.core",1309854898203
opened,editor,org.eclipse.jdt.ui,3.6.1.r361_v20100825-0800,"org.eclipse.jdt.ui.CompilationUnitEditor",1309854898433
activated,editor,org.eclipse.jdt.ui,3.6.1.r361_v20100825-0800,"org.eclipse.jdt.ui.CompilationUnitEditor",1309854898483
started,bundle,org.eclipse.core.variables,3.2.400.v20100505,"org.eclipse.core.variables",1309854899263
activated,view,org.eclipse.ui.console,3.5.0.v20100526,"org.eclipse.ui.console.ConsoleView",1309854904913
activated,editor,org.eclipse.jdt.ui,3.6.1.r361_v20100825-0800,"org.eclipse.jdt.ui.CompilationUnitEditor",1309854907453
activated,view,org.eclipse.ui.ide,3.6.1.M20100825-0800,"org.eclipse.ui.views.ProblemView",1309854908803
started,bundle,org.eclipse.jdt.junit,3.6.1.r361_v20100825-0800,"org.eclipse.jdt.junit",1309854908823
activated,view,org.eclipse.jdt.ui,3.6.1.r361_v20100825-0800,"org.eclipse.jdt.ui.PackageExplorer",1309854918492
started,bundle,org.eclipse.compare,3.5.100.I20100526-0800,"org.eclipse.compare",1309854919312
activated,editor,org.eclipse.jdt.ui,3.6.1.r361_v20100825-0800,"org.eclipse.jdt.ui.CompilationUnitEditor",1309854927192
activated,view,org.eclipse.jdt.ui,3.6.1.r361_v20100825-0800,"org.eclipse.jdt.ui.PackageExplorer",1309854932304
activated,editor,org.eclipse.jdt.ui,3.6.1.r361_v20100825-0800,"org.eclipse.jdt.ui.CompilationUnitEditor",1309854934424
deactivated,workbench,org.eclipse.ui.workbench,3.6.1.M20100826-1330,"",1309854935944
activated,workbench,org.eclipse.ui.workbench,3.6.1.M20100826-1330,"",1309854943670
deactivated,workbench,org.eclipse.ui.workbench,3.6.1.M20100826-1330,"",1309854946849
started,bundle,org.eclipse.mylyn.java.tasks,3.4.0.v20100608-0100-e3x,"org.eclipse.mylyn.java.tasks",1309854949549
activated,workbench,org.eclipse.ui.workbench,3.6.1.M20100826-1330,"",1309854950466
executed,command,org.eclipse.ui,3.6.1.M20100826-1330,"org.eclipse.ui.edit.paste",1309854952376
started,bundle,org.eclipse.debug.ui,3.6.1.v20100901_r361,"org.eclipse.debug.ui",1309854957746
started,bundle,org.eclipse.jdt.junit.core,3.6.1.r361_v20100825-0800,"org.eclipse.jdt.junit.core",1309854957856
started,bundle,org.eclipse.jdt.debug,3.6.1.v20100715_r361,"org.eclipse.jdt.debug",1309854958176
started,bundle,org.eclipse.jdt.debug.ui,3.5.0.v20100602-0830,"org.eclipse.jdt.debug.ui",1309854958336
deactivated,workbench,org.eclipse.ui.workbench,3.6.1.M20100826-1330,"",1309854958586
activated,workbench,org.eclipse.ui.workbench,3.6.1.M20100826-1330,"",1309854960826
deactivated,workbench,org.eclipse.ui.workbench,3.6.1.M20100826-1330,"",1309854961178
activated,workbench,org.eclipse.ui.workbench,3.6.1.M20100826-1330,"",1309854965288
deactivated,workbench,org.eclipse.ui.workbench,3.6.1.M20100826-1330,"",1309854977291
activated,workbench,org.eclipse.ui.workbench,3.6.1.M20100826-1330,"",1309854987817
executed,command,,,"AUTOGEN:::org.eclipse.jdt.internal.ui.CompilationUnitEditor.ruler.actions/org.eclipse.jdt.internal.ui.javaeditor.JavaSelectRulerAction",1309854989103
executed,command,org.eclipse.debug.ui,3.6.1.v20100901_r361,"org.eclipse.debug.ui.commands.DebugLast",1309855004503
deactivated,workbench,org.eclipse.ui.workbench,3.6.1.M20100826-1330,"",1309855004543
activated,workbench,org.eclipse.ui.workbench,3.6.1.M20100826-1330,"",1309855007403
deactivated,workbench,org.eclipse.ui.workbench,3.6.1.M20100826-1330,"",1309855012378
activated,workbench,org.eclipse.ui.workbench,3.6.1.M20100826-1330,"",1309855023938
error,log,,,"Referenced part does not exist yet: org.eclipse.ui.views.ProblemView.",1309855023958
opened,view,org.eclipse.debug.ui,3.6.1.v20100901_r361,"org.eclipse.debug.ui.DebugView",1309855024198
opened,view,org.eclipse.debug.ui,3.6.1.v20100901_r361,"org.eclipse.debug.ui.VariableView",1309855024278
opened,view,org.eclipse.ui.views,3.5.0.I20100527-0800,"org.eclipse.ui.views.ContentOutline",1309855024398
opened,view,com.android.ide.eclipse.ddms,11.0.0.v201105251008-128486,"com.android.ide.eclipse.ddms.views.LogCatView",1309855024498
activated,perspective,org.eclipse.debug.ui,3.6.1.v20100901_r361,"org.eclipse.debug.ui.DebugPerspective",1309855024571
opened,view,org.eclipse.debug.ui,3.6.1.v20100901_r361,"org.eclipse.debug.ui.BreakpointView",1309855025400
opened,editor,org.eclipse.debug.ui,3.6.1.v20100901_r361,"org.eclipse.debug.ui.sourcelookup.CommonSourceNotFoundEditor",1309855025735
activated,editor,org.eclipse.debug.ui,3.6.1.v20100901_r361,"org.eclipse.debug.ui.sourcelookup.CommonSourceNotFoundEditor",1309855025790
deactivated,workbench,org.eclipse.ui.workbench,3.6.1.M20100826-1330,"",1309855031074
activated,workbench,org.eclipse.ui.workbench,3.6.1.M20100826-1330,"",1309855036086
activated,editor,org.eclipse.jdt.ui,3.6.1.r361_v20100825-0800,"org.eclipse.jdt.ui.CompilationUnitEditor",1309855036195
closed,editor,org.eclipse.debug.ui,3.6.1.v20100901_r361,"org.eclipse.debug.ui.sourcelookup.CommonSourceNotFoundEditor",1309855036196
opened,editor,org.eclipse.debug.ui,3.6.1.v20100901_r361,"org.eclipse.debug.ui.sourcelookup.CommonSourceNotFoundEditor",1309855036238
activated,editor,org.eclipse.debug.ui,3.6.1.v20100901_r361,"org.eclipse.debug.ui.sourcelookup.CommonSourceNotFoundEditor",1309855036268
deactivated,workbench,org.eclipse.ui.workbench,3.6.1.M20100826-1330,"",1309855038409
activated,workbench,org.eclipse.ui.workbench,3.6.1.M20100826-1330,"",1309855042342
activated,editor,org.eclipse.jdt.ui,3.6.1.r361_v20100825-0800,"org.eclipse.jdt.ui.CompilationUnitEditor",1309855042441
closed,editor,org.eclipse.debug.ui,3.6.1.v20100901_r361,"org.eclipse.debug.ui.sourcelookup.CommonSourceNotFoundEditor",1309855042441
opened,editor,org.eclipse.debug.ui,3.6.1.v20100901_r361,"org.eclipse.debug.ui.sourcelookup.CommonSourceNotFoundEditor",1309855042475
activated,editor,org.eclipse.debug.ui,3.6.1.v20100901_r361,"org.eclipse.debug.ui.sourcelookup.CommonSourceNotFoundEditor",1309855042517
activated,editor,org.eclipse.jdt.ui,3.6.1.r361_v20100825-0800,"org.eclipse.jdt.ui.CompilationUnitEditor",1309855044668
closed,editor,org.eclipse.debug.ui,3.6.1.v20100901_r361,"org.eclipse.debug.ui.sourcelookup.CommonSourceNotFoundEditor",1309855044668
activated,view,org.eclipse.ui.console,3.5.0.v20100526,"org.eclipse.ui.console.ConsoleView",1309855064365
activated,editor,org.eclipse.jdt.ui,3.6.1.r361_v20100825-0800,"org.eclipse.jdt.ui.CompilationUnitEditor",1309855067157
deactivated,workbench,org.eclipse.ui.workbench,3.6.1.M20100826-1330,"",1309855082350
activated,workbench,org.eclipse.ui.workbench,3.6.1.M20100826-1330,"",1309855088473
executed,command,org.eclipse.debug.ui,3.6.1.v20100901_r361,"org.eclipse.debug.ui.commands.Resume",1309855094333
opened,editor,org.eclipse.debug.ui,3.6.1.v20100901_r361,"org.eclipse.debug.ui.sourcelookup.CommonSourceNotFoundEditor",1309855094406
activated,editor,org.eclipse.debug.ui,3.6.1.v20100901_r361,"org.eclipse.debug.ui.sourcelookup.CommonSourceNotFoundEditor",1309855094433
activated,editor,org.eclipse.jdt.ui,3.6.1.r361_v20100825-0800,"org.eclipse.jdt.ui.CompilationUnitEditor",1309855100429
closed,editor,org.eclipse.debug.ui,3.6.1.v20100901_r361,"org.eclipse.debug.ui.sourcelookup.CommonSourceNotFoundEditor",1309855100430
activated,view,org.eclipse.debug.ui,3.6.1.v20100901_r361,"org.eclipse.debug.ui.DebugView",1309855101926
executed,command,org.eclipse.debug.ui,3.6.1.v20100901_r361,"org.eclipse.debug.ui.commands.Terminate",1309855108415
deactivated,workbench,org.eclipse.ui.workbench,3.6.1.M20100826-1330,"",1309855119070
activated,workbench,org.eclipse.ui.workbench,3.6.1.M20100826-1330,"",1309855122985
opened,view,org.eclipse.ui.ide,3.6.1.M20100825-0800,"org.eclipse.ui.views.TaskList",1309855136264
activated,view,org.eclipse.ui.ide,3.6.1.M20100825-0800,"org.eclipse.ui.views.TaskList",1309855136282
activated,view,org.eclipse.debug.ui,3.6.1.v20100901_r361,"org.eclipse.debug.ui.DebugView",1309855137875
closed,view,org.eclipse.ui.ide,3.6.1.M20100825-0800,"org.eclipse.ui.views.TaskList",1309855137886
activated,view,org.eclipse.debug.ui,3.6.1.v20100901_r361,"org.eclipse.debug.ui.VariableView",1309855145585
deactivated,workbench,org.eclipse.ui.workbench,3.6.1.M20100826-1330,"",1309855150236
activated,workbench,org.eclipse.ui.workbench,3.6.1.M20100826-1330,"",1309855181179
activated,perspective,,,"DevAndroid",1309855181345
activated,editor,org.eclipse.jdt.ui,3.6.1.r361_v20100825-0800,"org.eclipse.jdt.ui.CompilationUnitEditor",1309855181368
executed,command,,,"AUTOGEN:::org.eclipse.jdt.internal.ui.CompilationUnitEditor.ruler.actions/org.eclipse.jdt.internal.ui.javaeditor.JavaSelectRulerAction",1309855185578
executed,command,org.eclipse.debug.ui,3.6.1.v20100901_r361,"org.eclipse.debug.ui.commands.RunLast",1309855204659
deactivated,workbench,org.eclipse.ui.workbench,3.6.1.M20100826-1330,"",1309855204676
activated,workbench,org.eclipse.ui.workbench,3.6.1.M20100826-1330,"",1309855206324
deactivated,workbench,org.eclipse.ui.workbench,3.6.1.M20100826-1330,"",1309855206469
activated,workbench,org.eclipse.ui.workbench,3.6.1.M20100826-1330,"",1309855214119
deactivated,workbench,org.eclipse.ui.workbench,3.6.1.M20100826-1330,"",1309855215144
activated,workbench,org.eclipse.ui.workbench,3.6.1.M20100826-1330,"",1309855216249
deactivated,workbench,org.eclipse.ui.workbench,3.6.1.M20100826-1330,"",1309855225329
activated,workbench,org.eclipse.ui.workbench,3.6.1.M20100826-1330,"",1309855572797
activated,view,org.eclipse.jdt.ui,3.6.1.r361_v20100825-0800,"org.eclipse.jdt.ui.PackageExplorer",1309855572820
deactivated,workbench,org.eclipse.ui.workbench,3.6.1.M20100826-1330,"",1309855583079
started,bundle,org.eclipse.mylyn.ide.ui,3.4.0.v20100608-0100-e3x,"org.eclipse.mylyn.ide.ui",1309855615191
activated,workbench,org.eclipse.ui.workbench,3.6.1.M20100826-1330,"",1309855615801
opened,editor,org.eclipse.jdt.ui,3.6.1.r361_v20100825-0800,"org.eclipse.jdt.ui.CompilationUnitEditor",1309855615881
activated,editor,org.eclipse.jdt.ui,3.6.1.r361_v20100825-0800,"org.eclipse.jdt.ui.CompilationUnitEditor",1309855615956
activated,view,org.eclipse.jdt.ui,3.6.1.r361_v20100825-0800,"org.eclipse.jdt.ui.PackageExplorer",1309855618255
activated,editor,org.eclipse.jdt.ui,3.6.1.r361_v20100825-0800,"org.eclipse.jdt.ui.CompilationUnitEditor",1309855621474
activated,editor,org.eclipse.jdt.ui,3.6.1.r361_v20100825-0800,"org.eclipse.jdt.ui.CompilationUnitEditor",1309855622221
deactivated,workbench,org.eclipse.ui.workbench,3.6.1.M20100826-1330,"",1309855636702
activated,workbench,org.eclipse.ui.workbench,3.6.1.M20100826-1330,"",1309855751252
activated,view,org.eclipse.jdt.ui,3.6.1.r361_v20100825-0800,"org.eclipse.jdt.ui.PackageExplorer",1309855755548
deactivated,workbench,org.eclipse.ui.workbench,3.6.1.M20100826-1330,"",1309855759696
started,bundle,org.eclipse.pde.core,3.6.2.v20110210_r362,"org.eclipse.pde.core",1309855767624
started,bundle,org.eclipse.wst.common.uriresolver,1.1.401.v201004280700,"org.eclipse.wst.common.uriresolver",1309855767720
started,bundle,org.eclipse.ant.ui,3.5.0.v20100427,"org.eclipse.ant.ui",1309855767780
activated,workbench,org.eclipse.ui.workbench,3.6.1.M20100826-1330,"",1309855768163
executed,command,org.eclipse.jdt.ui,3.6.1.r361_v20100825-0800,"org.eclipse.jdt.ui.edit.text.java.rename.element",1309855768172
activated,editor,org.eclipse.jdt.ui,3.6.1.r361_v20100825-0800,"org.eclipse.jdt.ui.CompilationUnitEditor",1309855769531
deactivated,workbench,org.eclipse.ui.workbench,3.6.1.M20100826-1330,"",1309855771716
activated,workbench,org.eclipse.ui.workbench,3.6.1.M20100826-1330,"",1309855779019
deactivated,workbench,org.eclipse.ui.workbench,3.6.1.M20100826-1330,"",1309855793240
activated,workbench,org.eclipse.ui.workbench,3.6.1.M20100826-1330,"",1309855793399
deactivated,workbench,org.eclipse.ui.workbench,3.6.1.M20100826-1330,"",1309855800585
activated,workbench,org.eclipse.ui.workbench,3.6.1.M20100826-1330,"",1309855800712
executed,command,org.eclipse.ui,3.6.1.M20100826-1330,"org.eclipse.ui.file.save",1309855809059
deactivated,workbench,org.eclipse.ui.workbench,3.6.1.M20100826-1330,"",1309855824381
activated,workbench,org.eclipse.ui.workbench,3.6.1.M20100826-1330,"",1309855826937
executed,command,org.eclipse.ui,3.6.1.M20100826-1330,"org.eclipse.ui.edit.paste",1309855829674
deactivated,workbench,org.eclipse.ui.workbench,3.6.1.M20100826-1330,"",1309855842007
activated,workbench,org.eclipse.ui.workbench,3.6.1.M20100826-1330,"",1309855849265
executed,command,org.eclipse.ui,3.6.1.M20100826-1330,"org.eclipse.ui.edit.paste",1309855849851
executed,command,org.eclipse.jdt.ui,3.6.1.r361_v20100825-0800,"org.eclipse.jdt.ui.edit.text.java.organize.imports",1309855853248
deactivated,workbench,org.eclipse.ui.workbench,3.6.1.M20100826-1330,"",1309855861780
activated,workbench,org.eclipse.ui.workbench,3.6.1.M20100826-1330,"",1309855864831
executed,command,org.eclipse.ui,3.6.1.M20100826-1330,"org.eclipse.ui.edit.paste",1309855865992
deactivated,workbench,org.eclipse.ui.workbench,3.6.1.M20100826-1330,"",1309855869897
activated,workbench,org.eclipse.ui.workbench,3.6.1.M20100826-1330,"",1309855871921
executed,command,org.eclipse.ui,3.6.1.M20100826-1330,"org.eclipse.ui.edit.paste",1309855872869
deactivated,workbench,org.eclipse.ui.workbench,3.6.1.M20100826-1330,"",1309855879420
activated,workbench,org.eclipse.ui.workbench,3.6.1.M20100826-1330,"",1309855881795
executed,command,org.eclipse.ui,3.6.1.M20100826-1330,"org.eclipse.ui.edit.paste",1309855883332
deactivated,workbench,org.eclipse.ui.workbench,3.6.1.M20100826-1330,"",1309855887305
activated,workbench,org.eclipse.ui.workbench,3.6.1.M20100826-1330,"",1309855887439
executed,command,org.eclipse.ui,3.6.1.M20100826-1330,"org.eclipse.ui.file.save",1309855890384
activated,editor,org.eclipse.jdt.ui,3.6.1.r361_v20100825-0800,"org.eclipse.jdt.ui.CompilationUnitEditor",1309855891003
started,bundle,org.eclipse.mylyn.java.ui,3.4.0.v20100608-0100-e3x,"org.eclipse.mylyn.java.ui",1309855916597
executed,command,org.eclipse.ui,3.6.1.M20100826-1330,"org.eclipse.ui.edit.text.contentAssist.proposals",1309855917044
deactivated,workbench,org.eclipse.ui.workbench,3.6.1.M20100826-1330,"",1309855926269
activated,workbench,org.eclipse.ui.workbench,3.6.1.M20100826-1330,"",1309855926391
executed,command,org.eclipse.ui,3.6.1.M20100826-1330,"org.eclipse.ui.edit.text.contentAssist.proposals",1309855944143
deactivated,workbench,org.eclipse.ui.workbench,3.6.1.M20100826-1330,"",1309855949286
activated,workbench,org.eclipse.ui.workbench,3.6.1.M20100826-1330,"",1309855949419
deactivated,workbench,org.eclipse.ui.workbench,3.6.1.M20100826-1330,"",1309855962702
activated,workbench,org.eclipse.ui.workbench,3.6.1.M20100826-1330,"",1309855967311
executed,command,org.eclipse.ui,3.6.1.M20100826-1330,"org.eclipse.ui.edit.copy",1309855968839
executed,command,org.eclipse.ui,3.6.1.M20100826-1330,"org.eclipse.ui.edit.paste",1309855970820
executed,command,org.eclipse.ui,3.6.1.M20100826-1330,"org.eclipse.ui.file.save",1309855977739
executed,command,org.eclipse.debug.ui,3.6.1.v20100901_r361,"org.eclipse.debug.ui.commands.RunLast",1309855981062
deactivated,workbench,org.eclipse.ui.workbench,3.6.1.M20100826-1330,"",1309855981112
activated,workbench,org.eclipse.ui.workbench,3.6.1.M20100826-1330,"",1309855986623
activated,editor,org.eclipse.jdt.ui,3.6.1.r361_v20100825-0800,"org.eclipse.jdt.ui.CompilationUnitEditor",1309855999118
deactivated,workbench,org.eclipse.ui.workbench,3.6.1.M20100826-1330,"",1309856001944
activated,workbench,org.eclipse.ui.workbench,3.6.1.M20100826-1330,"",1309856585872
executed,command,org.eclipse.ui,3.6.1.M20100826-1330,"org.eclipse.ui.edit.undo",1309856596723
executed,command,org.eclipse.ui,3.6.1.M20100826-1330,"org.eclipse.ui.edit.undo",1309856597125
executed,command,org.eclipse.ui,3.6.1.M20100826-1330,"org.eclipse.ui.edit.undo",1309856601535
executed,command,org.eclipse.ui,3.6.1.M20100826-1330,"org.eclipse.ui.edit.undo",1309856601909
executed,command,org.eclipse.ui,3.6.1.M20100826-1330,"org.eclipse.ui.edit.undo",1309856602288
executed,command,org.eclipse.jdt.ui,3.6.1.r361_v20100825-0800,"org.eclipse.jdt.ui.edit.text.java.organize.imports",1309856621531
executed,command,org.eclipse.ui,3.6.1.M20100826-1330,"org.eclipse.ui.edit.copy",1309856626993
executed,command,org.eclipse.ui,3.6.1.M20100826-1330,"org.eclipse.ui.edit.paste",1309856627589
deactivated,workbench,org.eclipse.ui.workbench,3.6.1.M20100826-1330,"",1309856642112
activated,workbench,org.eclipse.ui.workbench,3.6.1.M20100826-1330,"",1309856643893
executed,command,org.eclipse.jdt.ui,3.6.1.r361_v20100825-0800,"org.eclipse.jdt.ui.edit.text.java.organize.imports",1309856645984
deactivated,workbench,org.eclipse.ui.workbench,3.6.1.M20100826-1330,"",1309856650523
activated,workbench,org.eclipse.ui.workbench,3.6.1.M20100826-1330,"",1309856651910
executed,command,org.eclipse.ui,3.6.1.M20100826-1330,"org.eclipse.ui.edit.text.contentAssist.proposals",1309856658424
executed,command,org.eclipse.ui,3.6.1.M20100826-1330,"org.eclipse.ui.edit.text.contentAssist.proposals",1309856667875
executed,command,org.eclipse.ui,3.6.1.M20100826-1330,"org.eclipse.ui.edit.copy",1309856696779
executed,command,org.eclipse.ui,3.6.1.M20100826-1330,"org.eclipse.ui.edit.paste",1309856697569
executed,command,org.eclipse.ui,3.6.1.M20100826-1330,"org.eclipse.ui.edit.paste",1309856700366
executed,command,org.eclipse.ui,3.6.1.M20100826-1330,"org.eclipse.ui.edit.text.contentAssist.proposals",1309856708480
executed,command,org.eclipse.ui,3.6.1.M20100826-1330,"org.eclipse.ui.edit.cut",1309856742309
executed,command,org.eclipse.ui,3.6.1.M20100826-1330,"org.eclipse.ui.edit.paste",1309856752611
deactivated,workbench,org.eclipse.ui.workbench,3.6.1.M20100826-1330,"",1309856784434
activated,workbench,org.eclipse.ui.workbench,3.6.1.M20100826-1330,"",1309856861521
deactivated,workbench,org.eclipse.ui.workbench,3.6.1.M20100826-1330,"",1309856867139
activated,workbench,org.eclipse.ui.workbench,3.6.1.M20100826-1330,"",1309857087941
executed,command,org.eclipse.jdt.ui,3.6.1.r361_v20100825-0800,"org.eclipse.jdt.ui.edit.text.java.organize.imports",1309857118503
executed,command,org.eclipse.ui,3.6.1.M20100826-1330,"org.eclipse.ui.edit.text.contentAssist.proposals",1309857144853
deactivated,workbench,org.eclipse.ui.workbench,3.6.1.M20100826-1330,"",1309857149360
activated,workbench,org.eclipse.ui.workbench,3.6.1.M20100826-1330,"",1309857188509
executed,command,org.eclipse.ui,3.6.1.M20100826-1330,"org.eclipse.ui.edit.text.contentAssist.contextInformation",1309857196759
executed,command,org.eclipse.jdt.ui,3.6.1.r361_v20100825-0800,"org.eclipse.jdt.ui.edit.text.java.organize.imports",1309857199118
executed,command,org.eclipse.ui,3.6.1.M20100826-1330,"org.eclipse.ui.edit.text.contentAssist.proposals",1309857200975
deactivated,workbench,org.eclipse.ui.workbench,3.6.1.M20100826-1330,"",1309857215460
activated,workbench,org.eclipse.ui.workbench,3.6.1.M20100826-1330,"",1309857353274
activated,view,org.eclipse.jdt.ui,3.6.1.r361_v20100825-0800,"org.eclipse.jdt.ui.PackageExplorer",1309857353310
deactivated,workbench,org.eclipse.ui.workbench,3.6.1.M20100826-1330,"",1309857359685
activated,workbench,org.eclipse.ui.workbench,3.6.1.M20100826-1330,"",1309857490844
deactivated,workbench,org.eclipse.ui.workbench,3.6.1.M20100826-1330,"",1309857502763
activated,workbench,org.eclipse.ui.workbench,3.6.1.M20100826-1330,"",1309857539794
executed,command,org.eclipse.ui,3.6.1.M20100826-1330,"org.eclipse.ui.file.import",1309857539812
executed,command,org.eclipse.ui,3.6.1.M20100826-1330,"org.eclipse.ui.file.import",1309857539812
deactivated,workbench,org.eclipse.ui.workbench,3.6.1.M20100826-1330,"",1309857545817
activated,workbench,org.eclipse.ui.workbench,3.6.1.M20100826-1330,"",1309857574227
deactivated,workbench,org.eclipse.ui.workbench,3.6.1.M20100826-1330,"",1309857574307
